{
    "a":          { "attributes": ["href", "hreflang", "media", "rel", "target", "type", "ng-blur", "ng-copy",  "ng-cut", "data-ng-blur", "data-ng-copy",  "data-ng-cut", "ng-href", "data-ng-href","xmp-href","xmp-unsubscribe","xmp-success-url","xmp-failure-url","xmp-success-js","xmp-failure-js","xmp-success-ng","xmp-failure-ng"] },
    "abbr":       { "attributes": [] },
    "acronym":    { "attributes": [] },
    "address":    { "attributes": [] },
    "area":       { "attributes": ["alt", "coords", "href", "hreflang", "media", "rel", "shape", "target", "type"] },
    "article":    { "attributes": [] },
    "aside":      { "attributes": [] },
    "audio":      { "attributes": ["autoplay", "buffered", "controls", "loop", "mediagroup", "muted", "played", "preload", "src"] },
    "b":          { "attributes": [] },
    "base":       { "attributes": ["href", "target"] },
    "bdi":        { "attributes": [] },
    "bdo":        { "attributes": [] },
    "big":        { "attributes": [] },
    "blockquote": { "attributes": ["cite"] },
    "body":       { "attributes": ["onafterprint", "onbeforeprint", "onbeforeunload", "onhashchange", "onmessage", "onoffline", "ononline",
                                   "onpagehide", "onpageshow", "onpopstate", "onredo", "onresize", "onstorage", "onundo", "onunload", "ng-app", "ng-controller", "ng-csp", "data-ng-app", "data-ng-controller", "data-ng-csp", "xmp-cloak","xmp-clear-all-cookies-onload",
                                   "xmp-tracking-page-name","xmp-failure-url","xmp-failure-js","xmp-failure-ng","xmp-success-js","xmp-success-ng","xmp-class","xmp-success-trigger","xmp-failure-trigger","xmp-load-async-ador","xmp-load-ador","xmp-load-ador-timeout","xmp-no-caching","xmp-turn-off-default-error"] },
    "br":         { "attributes": [] },
    "button":     { "attributes": ["autofocus", "disabled", "form", "formaction", "formenctype", "formmethod", "formnovalidate", "formtarget",
                                   "name", "type", "value","xmp-success-trigger","xmp-failure-trigger","xmp-clicked-trigger","xmp-clear","xmp-facebook-share","xmp-twitter-share"] },
    "canvas":     { "attributes": ["height", "width"] },
    "caption":    { "attributes": [] },
    "center":     { "attributes": [] },
    "cite":       { "attributes": [] },
    "code":       { "attributes": [] },
    "col":        { "attributes": ["span"] },
    "colgroup":   { "attributes": ["span"] },
    "command":    { "attributes": ["checked", "disabled", "icon", "label", "radiogroup", "type"] },
    "content":    { "attributes": [] },
    "datalist":   { "attributes": [] },
    "dd":         { "attributes": [] },
    "del":        { "attributes": ["cite", "datetime"] },
    "details":    { "attributes": ["open", "ng-open", "data-ng-open"] },
    "dfn":        { "attributes": [] },
    "dialog":     { "attributes": ["open", "ng-open", "data-ng-open"] },
    "div":        { "attributes": ["ng-app", "flex",  "flex-sm", "flex-gt-sm", "flex-md", "flex-gt-md", "flex-lg", "flex-gt-lg", "layout", "layout-sm", "layout-gt-sm", "layout-md", "layout-gt-md", "layout-lg", "layout-gt-lg", "layout-margin", "layout-padding", "layout-fill", "layout-align", "layout-align-sm", "layout-align-gt-sm", "layout-align-md", "layout-align-gt-md", "layout-align-lg", "layout-align-gt-lg", "hide", "hide-sm","hide-gt-sm", "hide-md", "hide-gt-md", "hide-lg", "hide-gt-lg", "show", "show-sm","show-gt-sm", "show-md", "show-gt-md", "show-lg", "show-gt-lg", "flex-order", "flex-order-sm","flex-order-gt-sm", "flex-order-md", "flex-order-gt-md", "flex-order-lg", "flex-order-gt-lg", "offset", "offset-sm","offset-gt-sm", "offset-md", "offset-gt-md", "offset-lg", "offset-gt-lg","xmp-class","xmp-show","xmp-text-asset","xmp-html-asset"] },
    "dl":         { "attributes": [] },
    "dt":         { "attributes": [] },
    "em":         { "attributes": [] },
    "embed":      { "attributes": ["height", "src", "type", "width"] },
    "fieldset":   { "attributes": ["disabled", "form", "name"] },
    "figcaption": { "attributes": [] },
    "figure":     { "attributes": [] },
    "footer":     { "attributes": [] },
    "form":       { "attributes": ["accept-charset", "action", "autocomplete", "enctype", "method", "name", "novalidate", "target", "ng-submit", 
                                   "data-ng-submit","xmp-update","xmp-refer","xmp-register","xmp-signin","xmp-success-url","xmp-success-js","xmp-success-ng","xmp-failure-url","xmp-failure-js","xmp-failure-ng","xmp-signin-auto"] },
    "frame":      { "attributes": ["frameborder", "name", "scrolling", "src"] },
    "frameset":   { "attributes": ["rows"] },
    "h1":         { "attributes": ["xmp-class","xmp-show","xmp-text-asset","xmp-html-asset"] },
    "h2":         { "attributes": ["xmp-class","xmp-show","xmp-text-asset","xmp-html-asset"] },
    "h3":         { "attributes": ["xmp-class","xmp-show","xmp-text-asset","xmp-html-asset"] },
    "h4":         { "attributes": ["xmp-class","xmp-show","xmp-text-asset","xmp-html-asset"] },
    "h5":         { "attributes": ["xmp-class","xmp-show","xmp-text-asset","xmp-html-asset"] },
    "h6":         { "attributes": ["xmp-class","xmp-show","xmp-text-asset","xmp-html-asset"] },
    "head":       { "attributes": [] },
    "header":     { "attributes": [] },
    "hgroup":     { "attributes": [] },
    "hr":         { "attributes": [] },
    "html":       { "attributes": ["manifest", "xml:lang", "xmlns", "ng-app", "ng-controller", "ng-csp", "data-ng-app", "data-ng-controller", "data-ng-csp"] },
    "i":          { "attributes": [] },
    "iframe":     { "attributes": ["frameborder", "height", "name", "sandbox", "scrolling", "seamless", "src", "srcdoc", "width"] },
    "ilayer":     { "attributes": [] },
    "img":        { "attributes": ["alt", "height", "ismap", "longdesc", "src", "srcset", "usemap", "width", "ng-src", "ng-srcset", "data-ng-src", 
                                   "data-ng-srcset", "xmp-image-asset","xmp-async","xmp-async-busy-class","xmp-adapt-progress-size"] },
    "input":      { "attributes": ["accept", "alt", "autocomplete", "autocorrect", "autofocus", "checked", "dirname", "disabled", "form", "formaction", "formenctype", "formmethod",
                                   "formnovalidate", "formtarget", "height", "inputmode", "list", "max", "maxlength", "min", "multiple", "name", "pattern", "placeholder", "readonly",
                                   "required", "size", "src", "step", "type", "value", "width", "ng-required", "ng-minlength", "ng-maxlength", "ng-pattern", "ng-change", "ng-trim", 
								   "ng-value", "ng-disabled", "ng-blur", "ng-copy",  "ng-cut",  "ng-model", "ng-list",  "ng-readonly", "ng-value", "data-ng-required", "data-ng-minlength", 
								   "data-ng-maxlength", "data-ng-pattern", "data-ng-change", "data-ng-trim", "data-ng-value", "data-ng-disabled", "data-ng-blur", "data-ng-copy",  "data-ng-cut",  
								   "data-ng-model", "data-ng-list",  "data-ng-readonly", "data-ng-value","xmp-write-ador","xmp-default-value","xmp-true-value","xmp-false-value","xmp-success-url","xmp-success-js","xmp-success-ng","xmp-failure-url","xmp-failure-js","xmp-failure-ng","xmp-tracking-action","xmp-success-trigger","xmp-success-track-action","xmp-failure-track-action","xmp-username","xmp-password","xmp-confirm-password","xmp-signout"] },
    "ins":        { "attributes": ["cite", "datetime"] },
    "kbd":        { "attributes": [] },
    "keygen":     { "attributes": ["autofocus", "challenge", "disabled", "form", "keytype", "name"] },
    "label":      { "attributes": ["for", "form"] },
    "legend":     { "attributes": [] },
    "li":         { "attributes": ["value","xmp-repeat"] },
    "link":       { "attributes": ["disabled", "href", "hreflang", "media", "rel", "sizes", "type"] },
    "main":       { "attributes": [] },
    "map":        { "attributes": ["name"] },
    "mark":       { "attributes": [] },
    "marquee":    { "attributes": ["align", "behavior", "bgcolor", "direction", "height", "hspace", "loop", "scrollamount", "scrolldelay", "truespeed", "vspace", "width"] },
    "menu":       { "attributes": ["label", "type"] },
    "meta":       { "attributes": ["charset", "content", "http-equiv", "name", "property"] },
    "meter":      { "attributes": ["form", "high", "low", "max", "min", "optimum", "value"] },
    "nav":        { "attributes": [] },
    "noscript":   { "attributes": [] },
    "object":     { "attributes": ["archive", "codebase", "codetype", "data", "declare", "form", "height", "name", "standby", "type", "usemap", "width"] },
    "ol":         { "attributes": ["reversed", "start", "type"] },
    "optgroup":   { "attributes": ["disabled", "label"] },
    "option":     { "attributes": ["disabled", "label", "selected", "value", "ng-selected", "data-ng-selected"] },
    "output":     { "attributes": ["for", "form", "name"] },
    "p":          { "attributes": ["xmp-class","xmp-show","xmp-text-asset","xmp-html-asset"] },
    "param":      { "attributes": ["name", "value"] },
    "picture":    { "attributes": [] },
    "pre":        { "attributes": [] },
    "progress":   { "attributes": ["form", "max", "value"] },
    "q":          { "attributes": ["cite"] },
    "rp":         { "attributes": [] },
    "rt":         { "attributes": [] },
    "ruby":       { "attributes": [] },
    "samp":       { "attributes": [] },
    "script":     { "attributes": ["async", "charset", "defer", "src", "type"] },
    "section":    { "attributes": [] },
    "select":     { "attributes": ["autofocus", "disabled", "form", "multiple", "name", "required", "size", "ng-blur", "ng-copy",  "ng-cut",  "ng-model", "ng-options", "data-ng-blur", "data-ng-copy",  "data-ng-cut",  "data-ng-model", "data-ng-options","xmp-write-ador","xmp-default-value"] },
    "small":      { "attributes": [] },
    "source":     { "attributes": ["media", "sizes", "src", "type", "srcset"] },
    "span":       { "attributes": ["xmp-class","xmp-show","xmp-text-asset","xmp-html-asset"] },
    "strong":     { "attributes": [] },
    "style":      { "attributes": ["disabled", "media", "scoped", "type"] },
    "sub":        { "attributes": [] },
    "summary":    { "attributes": [] },
    "sup":        { "attributes": [] },
    "table":      { "attributes": ["border", "cellpadding", "cellspacing", "height", "width","xmp-class","xmp-show"] },
    "tbody":      { "attributes": [] },
    "td":         { "attributes": ["colspan", "headers", "rowspan"] },
    "template":   { "attributes": [] },
    "textarea":   { "attributes": ["autocomplete", "autofocus", "cols", "dirname", "disabled", "form", "label", "maxlength", "name", "placeholder", "readonly", "required", "rows", "spellcheck", "wrap", "ng-blur", "ng-copy",  "ng-cut",  "ng-model", "ng-list",  "ng-readonly", "ng-value", "data-ng-blur", "data-ng-copy",  "data-ng-cut",  "data-ng-model", "data-ng-list",  "data-ng-readonly", "data-ng-value"] },
    "tfoot":      { "attributes": [] },
    "th":         { "attributes": ["colspan", "headers", "rowspan", "scope","xmp-class","xmp-show"] },
    "thead":      { "attributes": [] },
    "time":       { "attributes": ["datetime", "pubdate"] },
    "title":      { "attributes": [] },
    "tr":         { "attributes": ["xmp-class","xmp-show","xmp-repeat"] },
    "track":      { "attributes": ["default", "kind", "label", "src", "srclang"] },
    "tt":         { "attributes": [] },
    "ul":         { "attributes": [] },
    "var":        { "attributes": [] },
    "video":      { "attributes": ["autoplay", "buffered", "controls", "crossorigin", "height", "loop", "mediagroup", "muted", "played", "poster", "preload", "src", "width"] },
    "wbr":        { "attributes": [] },

	"ng-pluralize":   { "attributes": ["count", "when", "offset"] },
    "ng-transclude":  { "attributes": [] },
    "ng-include":     { "attributes": ["src"] },
    "ng-view":        { "attributes": [] }
	
	
}
